{
  "type": "jigsaw",
  "biomes": "#lios_outlandish_villages:has_structure/hobbit_village",
  "step": "surface_structures",
  "terrain_adaptation": "bury",
  "spawn_overrides": {},
  "project_start_to_heightmap": "WORLD_SURFACE_WG",
  "start_height": {
    "absolute": -25
  },
  "start_pool": "lios_outlandish_villages:hobbit_village/base/a1",
  "start_jigsaw_name": "lios_outlandish_villages:hobbit_village/base/anchor",
  "size": 7,
  "max_distance_from_center": 112,
  "use_expansion_hack": false
}