{
  "type": "jigsaw",
  "biomes": "#lios_outlandish_villages:has_structure/spiral_tower_village_sea",
  "step": "surface_structures",
  "terrain_adaptation": "beard_box",
  "spawn_overrides": {},
  "start_pool": "lios_outlandish_villages:spiral_tower_village/base/anchor",
  "start_jigsaw_name": "minecraft:anchor",
  "size": 7,
  "start_height": {
    "type": "minecraft:uniform",
    "min_inclusive": {
      "absolute": 44
    },
    "max_inclusive": {
      "absolute": 44
    }
  },
  "max_distance_from_center": 101,
  "use_expansion_hack": false
}