{
  "name": "lios_outlandish_villages:spiral_tower_village/extras/plant_pile",
  "fallback": "minecraft:empty",
  "elements": [
    {
      "weight": 50,
      "element": {
        "location": "lios_outlandish_villages:spiral_tower_village/extras/base/base1",
        "processors": "lios_outlandish_villages:replace_water_with_sand",
        "projection": "rigid",
        "element_type": "minecraft:single_pool_element"
      }
    },
    {
      "weight": 50,
      "element": {
        "location": "lios_outlandish_villages:spiral_tower_village/extras/base/base2",
        "processors": "lios_outlandish_villages:replace_water_with_sand",
        "projection": "rigid",
        "element_type": "minecraft:single_pool_element"
      }
    },
    {
      "weight": 50,
      "element": {
        "location": "lios_outlandish_villages:spiral_tower_village/extras/base/base3",
        "processors": "lios_outlandish_villages:replace_water_with_sand",
        "projection": "rigid",
        "element_type": "minecraft:single_pool_element"
      }
    },
    {
      "weight": 50,
      "element": {
        "location": "lios_outlandish_villages:spiral_tower_village/extras/base/base4",
        "processors": "lios_outlandish_villages:replace_water_with_sand",
        "projection": "rigid",
        "element_type": "minecraft:single_pool_element"
      }
    },
    {
      "weight": 50,
      "element": {
        "location": "lios_outlandish_villages:spiral_tower_village/extras/base/base5",
        "processors": "lios_outlandish_villages:replace_water_with_sand",
        "projection": "rigid",
        "element_type": "minecraft:single_pool_element"
      }
    },
    {
      "weight": 50,
      "element": {
        "location": "lios_outlandish_villages:spiral_tower_village/extras/base/base6",
        "processors": "lios_outlandish_villages:replace_water_with_sand",
        "projection": "rigid",
        "element_type": "minecraft:single_pool_element"
      }
    },
    {
      "weight": 50,
      "element": {
        "location": "lios_outlandish_villages:spiral_tower_village/extras/base/base7",
        "processors": "lios_outlandish_villages:replace_water_with_sand",
        "projection": "rigid",
        "element_type": "minecraft:single_pool_element"
      }
    }
  ]
}