{
  "name": "lios_outlandish_villages:spiral_tower_village/extras/plant_pile",
  "fallback": "minecraft:empty",
  "elements": [
    {
      "weight": 50,
      "element": {
        "location": "lios_outlandish_villages:spiral_tower_village/extras/melon",
        "processors": "lios_outlandish_villages:replace_water_with_sand",
        "projection": "rigid",
        "element_type": "minecraft:single_pool_element"
      }
    },
    {
      "weight": 50,
      "element": {
        "location": "lios_outlandish_villages:spiral_tower_village/extras/pumpkin",
        "processors": "lios_outlandish_villages:replace_water_with_sand",
        "projection": "rigid",
        "element_type": "minecraft:single_pool_element"
      }
    },
    {
      "weight": 50,
      "element": {
        "location": "lios_outlandish_villages:spiral_tower_village/extras/hay",
        "processors": "lios_outlandish_villages:replace_water_with_sand",
        "projection": "rigid",
        "element_type": "minecraft:single_pool_element"
      }
    }
  ]
}