{
    "processors": [
        {
            "processor_type": "minecraft:rule",
            "rules": [
                {
                    "input_predicate": {
                        "predicate_type": "minecraft:block_match",
                        "block": "minecraft:grass_block"
                    },
                    "location_predicate": {
                        "block": "minecraft:water",
                        "predicate_type": "minecraft:block_match"
                    },
                    "output_state": {
                        "Name": "minecraft:sand"
                    }
                },
                {
                    "input_predicate": {
                        "block": "minecraft:stone",
                        "predicate_type": "minecraft:random_block_match",
                        "probability": 0.5
                    },
                    "location_predicate": {
                        "predicate_type": "minecraft:always_true"
                    },
                    "output_state": {
                        "Name": "minecraft:andesite"
                    }
                },
                {
                    "input_predicate": {
                        "block": "minecraft:stone",
                        "predicate_type": "minecraft:random_block_match",
                        "probability": 0.25
                    },
                    "location_predicate": {
                        "predicate_type": "minecraft:always_true"
                    },
                    "output_state": {
                        "Name": "minecraft:cobblestone"
                    }
                },
                {
                    "input_predicate": {
                        "block": "minecraft:stone",
                        "predicate_type": "minecraft:random_block_match",
                        "probability": 0.03
                    },
                    "location_predicate": {
                        "predicate_type": "minecraft:always_true"
                    },
                    "output_state": {
                        "Name": "minecraft:mossy_cobblestone"
                    }
                },
                {
                    "input_predicate": {
                        "block": "minecraft:stone",
                        "predicate_type": "minecraft:random_block_match",
                        "probability": 0.10
                    },
                    "location_predicate": {
                        "predicate_type": "minecraft:always_true"
                    },
                    "output_state": {
                        "Name": "minecraft:tuff"
                    }
                }
            ]
        }
    ]
}