{
  "type": "minecraft:chest",
  "pools": [
    {
      "rolls": {
        "type": "minecraft:uniform",
        "max": 1.0,
        "min": 1.0
      },
      "bonus_rolls": 0.0,
      "entries": [
        {
          "type": "minecraft:item",
          "functions": [
            {
              "add": false,
              "count": {
                "type": "minecraft:uniform",
                "max": 1.0,
                "min": 1.0
              },
              "function": "minecraft:set_count"
            }
          ],
          "name": "minecraft:iron_sword",
          "weight": 1
        },
        {
          "type": "minecraft:item",
          "functions": [
            {
              "add": false,
              "count": {
                "type": "minecraft:uniform",
                "max": 1.0,
                "min": 1.0
              },
              "function": "minecraft:set_count"
            }
          ],
          "name": "minecraft:diamond_sword",
          "weight": 1
        },
        {
          "type": "minecraft:item",
          "functions": [
            {
              "add": false,
              "count": {
                "type": "minecraft:uniform",
                "max": 1.0,
                "min": 1.0
              },
              "function": "minecraft:set_count"
            }
          ],
          "name": "minecraft:bow",
          "weight": 1
        },
        {
          "type": "minecraft:empty",
          "weight": 500
        }
      ]
    },
    {
      "rolls": {
        "type": "minecraft:uniform",
        "min": 1.0,
        "max": 2.0
      },
      "bonus_rolls": 1.0,
      "entries": [
        {
          "weight": 3,
          "type": "minecraft:empty"
        },
        {
          "type": "minecraft:item",
          "weight": 8,
          "functions": [
            {
              "function": "minecraft:set_count",
              "count": {
                "type": "minecraft:uniform",
                "min": 1.0,
                "max": 1.0
              },
              "add": false
            }
          ],
          "name": "minecraft:iron_ingot"
        },
        {
          "type": "minecraft:item",
          "weight": 8,
          "functions": [
            {
              "function": "minecraft:set_count",
              "count": {
                "type": "minecraft:uniform",
                "min": 1.0,
                "max": 3.0
              },
              "add": false
            }
          ],
          "name": "minecraft:gold_ingot"
        },
        {
          "type": "minecraft:item",
          "weight": 3,
          "quality": 3,
          "functions": [
            {
              "function": "minecraft:set_count",
              "count": {
                "type": "minecraft:uniform",
                "min": 2.0,
                "max": 7.0
              },
              "add": false
            }
          ],
          "name": "minecraft:iron_nugget"
        },
        {
          "type": "minecraft:item",
          "weight": 8,
          "quality": 3,
          "functions": [
            {
              "function": "minecraft:set_count",
              "count": {
                "type": "minecraft:uniform",
                "min": 5.0,
                "max": 10.0
              },
              "add": false
            }
          ],
          "name": "minecraft:coal"
        }
      ]
    },
    {
      "rolls": {
        "type": "minecraft:uniform",
        "min": 1.0,
        "max": 2.0
      },
      "bonus_rolls": 1.0,
      "entries": [
        {
          "weight": 10,
          "type": "minecraft:empty"
        },
        {
          "type": "minecraft:item",
          "weight": 10,
          "quality": 3,
          "functions": [
            {
              "function": "minecraft:set_count",
              "count": {
                "type": "minecraft:uniform",
                "min": 1.0,
                "max": 1.0
              },
              "add": false
            }
          ],
          "name": "minecraft:iron_pickaxe"
        },
        {
          "type": "minecraft:item",
          "weight": 10,
          "functions": [
            {
              "function": "minecraft:set_count",
              "count": {
                "type": "minecraft:uniform",
                "min": 1.0,
                "max": 1.0
              },
              "add": false
            }
          ],
          "name": "minecraft:iron_axe"
        },
        {
          "type": "minecraft:item",
          "weight": 10,
          "functions": [
            {
              "function": "minecraft:set_count",
              "count": {
                "type": "minecraft:uniform",
                "min": 1.0,
                "max": 3.0
              },
              "add": false
            }
          ],
          "name": "minecraft:iron_shovel"
        }
      ]
    },
    {
      "rolls": {
        "type": "minecraft:uniform",
        "min": 1.0,
        "max": 2.0
      },
      "bonus_rolls": 1.0,
      "entries": [
        {
          "weight": 10,
          "type": "minecraft:empty"
        },
        {
          "type": "minecraft:item",
          "weight": 7,
          "functions": [
            {
              "function": "minecraft:set_count",
              "count": {
                "type": "minecraft:uniform",
                "min": 10.0,
                "max": 19.0
              },
              "add": false
            }
          ],
          "name": "minecraft:emerald"
        },
        {
          "type": "minecraft:item",
          "weight": 1,
          "functions": [
            {
              "function": "minecraft:set_count",
              "count": {
                "type": "minecraft:uniform",
                "min": 1.0,
                "max": 3.0
              },
              "add": false
            }
          ],
          "name": "minecraft:diamond"
        }
      ]
    },
    {
      "rolls": {
        "type": "minecraft:uniform",
        "min": 1.0,
        "max": 2.0
      },
      "bonus_rolls": 0.7,
      "entries": [
        {
          "weight": 8,
          "type": "minecraft:empty"
        },
        {
          "type": "minecraft:item",
          "weight": 3,
          "functions": [
            {
              "function": "minecraft:set_count",
              "count": {
                "type": "minecraft:uniform",
                "min": 1.0,
                "max": 1.0
              },
              "add": false
            }
          ],
          "name": "minecraft:iron_helmet"
        },
        {
          "type": "minecraft:item",
          "weight": 3,
          "quality": 3,
          "functions": [
            {
              "function": "minecraft:set_count",
              "count": {
                "type": "minecraft:uniform",
                "min": 1.0,
                "max": 1.0
              },
              "add": false
            }
          ],
          "name": "minecraft:iron_chestplate"
        },
        {
          "type": "minecraft:item",
          "weight": 3,
          "quality": 3,
          "functions": [
            {
              "function": "minecraft:set_count",
              "count": {
                "type": "minecraft:uniform",
                "min": 1.0,
                "max": 1.0
              },
              "add": false
            }
          ],
          "name": "minecraft:iron_leggings"
        },
        {
          "type": "minecraft:item",
          "weight": 3,
          "quality": 3,
          "functions": [
            {
              "function": "minecraft:set_count",
              "count": {
                "type": "minecraft:uniform",
                "min": 1.0,
                "max": 1.0
              },
              "add": false
            }
          ],
          "name": "minecraft:iron_boots"
        }
      ]
    }
  ]
}