{
  "type": "minecraft:chest",
  "pools": [
    {
      "rolls": {
        "type": "minecraft:uniform",
        "min": 1.0,
        "max": 2.0
      },
      "bonus_rolls": 1.0,
      "entries": [
        {
          "weight": 1,
          "type": "minecraft:empty"
        },
        {
          "type": "minecraft:item",
          "weight": 8,
          "functions": [
            {
              "function": "minecraft:set_count",
              "count": {
                "type": "minecraft:uniform",
                "min": 1.0,
                "max": 4.0
              },
              "add": false
            }
          ],
          "name": "minecraft:leather"
        },
        {
          "type": "minecraft:item",
          "weight": 8,
          "functions": [
            {
              "function": "minecraft:set_count",
              "count": {
                "type": "minecraft:uniform",
                "min": 2.0,
                "max": 3.0
              },
              "add": false
            }
          ],
          "name": "minecraft:leather"
        },
        {
          "type": "minecraft:item",
          "weight": 4,
          "functions": [
            {
              "function": "minecraft:set_count",
              "count": {
                "type": "minecraft:uniform",
                "min": 2.0,
                "max": 3.0
              },
              "add": false
            }
          ],
          "name": "minecraft:leather"
        },
        {
          "type": "minecraft:item",
          "weight": 3,
          "quality": 3,
          "functions": [
            {
              "function": "minecraft:set_count",
              "count": {
                "type": "minecraft:uniform",
                "min": 1.0,
                "max": 2.0
              },
              "add": false
            }
          ],
          "name": "minecraft:leather"
        },
        {
          "type": "minecraft:item",
          "weight": 2,
          "quality": 3,
          "functions": [
            {
              "function": "minecraft:set_count",
              "count": {
                "type": "minecraft:uniform",
                "min": 1.0,
                "max": 1.0
              },
              "add": false
            }
          ],
          "name": "minecraft:leather_horse_armor"
        }
      ]
    },
    {
      "rolls": {
        "type": "minecraft:uniform",
        "min": 1.0,
        "max": 2.0
      },
      "bonus_rolls": 1.0,
      "entries": [
        {
          "weight": 1,
          "type": "minecraft:empty"
        },
        {
          "type": "minecraft:item",
          "weight": 3,
          "quality": 3,
          "functions": [
            {
              "function": "minecraft:set_count",
              "count": {
                "type": "minecraft:uniform",
                "min": 1.0,
                "max": 2.0
              },
              "add": false
            }
          ],
          "name": "minecraft:leather"
        },
        {
          "type": "minecraft:item",
          "weight": 10,
          "quality": 3,
          "functions": [
            {
              "function": "minecraft:set_count",
              "count": {
                "type": "minecraft:uniform",
                "min": 1.0,
                "max": 1.0
              },
              "add": false
            }
          ],
          "name": "minecraft:leather_chestplate"
        },
        {
          "type": "minecraft:item",
          "weight": 10,
          "functions": [
            {
              "function": "minecraft:set_count",
              "count": {
                "type": "minecraft:uniform",
                "min": 1.0,
                "max": 1.0
              },
              "add": false
            }
          ],
          "name": "minecraft:leather_helmet"
        },
        {
          "type": "minecraft:item",
          "weight": 10,
          "functions": [
            {
              "function": "minecraft:set_count",
              "count": {
                "type": "minecraft:uniform",
                "min": 1.0,
                "max": 1.0
              },
              "add": false
            }
          ],
          "name": "minecraft:leather_leggings"
        },
        {
          "type": "minecraft:item",
          "weight": 10,
          "functions": [
            {
              "function": "minecraft:set_count",
              "count": {
                "type": "minecraft:uniform",
                "min": 1.0,
                "max": 1.0
              },
              "add": false
            }
          ],
          "name": "minecraft:leather_boots"
        }
      ]
    },
    {
      "rolls": {
        "type": "minecraft:uniform",
        "min": 1.0,
        "max": 2.0
      },
      "bonus_rolls": 1.0,
      "entries": [
        {
          "weight": 1,
          "type": "minecraft:empty"
        },
        {
          "type": "minecraft:item",
          "weight": 7,
          "functions": [
            {
              "function": "minecraft:set_count",
              "count": {
                "type": "minecraft:uniform",
                "min": 3.0,
                "max": 4.0
              },
              "add": false
            }
          ],
          "name": "minecraft:leather"
        },
        {
          "type": "minecraft:item",
          "weight": 3,
          "functions": [
            {
              "function": "minecraft:set_count",
              "count": {
                "type": "minecraft:uniform",
                "min": 1.0,
                "max": 1.0
              },
              "add": false
            }
          ],
          "name": "minecraft:leather"
        },
        {
          "type": "minecraft:item",
          "weight": 3,
          "quality": 3,
          "functions": [
            {
              "function": "minecraft:set_count",
              "count": {
                "type": "minecraft:uniform",
                "min": 1.0,
                "max": 2.0
              },
              "add": false
            }
          ],
          "name": "minecraft:leather"
        },
        {
          "type": "minecraft:item",
          "weight": 1,
          "functions": [
            {
              "function": "minecraft:set_count",
              "count": {
                "type": "minecraft:uniform",
                "min": 1.0,
                "max": 13.0
              },
              "add": false
            }
          ],
          "name": "minecraft:leather"
        }
      ]
    }
  ]
}