{
  "name": "lios_outlandish_villages:profession_blocks",
  "fallback": "minecraft:empty",
  "elements": [
    {
      "weight": 50,
      "element": {
        "location": "lios_outlandish_villages:misc/profession_blocks/barrel",
        "processors": "minecraft:empty",
        "projection": "rigid",
        "element_type": "minecraft:single_pool_element"
      }
    },
    {
      "weight": 50,
      "element": {
        "location": "lios_outlandish_villages:misc/profession_blocks/blast_furnace",
        "processors": "minecraft:empty",
        "projection": "rigid",
        "element_type": "minecraft:single_pool_element"
      }
    },
    {
      "weight": 50,
      "element": {
        "location": "lios_outlandish_villages:misc/profession_blocks/brewing_stand",
        "processors": "minecraft:empty",
        "projection": "rigid",
        "element_type": "minecraft:single_pool_element"
      }
    },
    {
      "weight": 50,
      "element": {
        "location": "lios_outlandish_villages:misc/profession_blocks/cartography_table",
        "processors": "minecraft:empty",
        "projection": "rigid",
        "element_type": "minecraft:single_pool_element"
      }
    },
    {
      "weight": 50,
      "element": {
        "location": "lios_outlandish_villages:misc/profession_blocks/cauldron",
        "processors": "minecraft:empty",
        "projection": "rigid",
        "element_type": "minecraft:single_pool_element"
      }
    },
    {
      "weight": 50,
      "element": {
        "location": "lios_outlandish_villages:misc/profession_blocks/composter",
        "processors": "minecraft:empty",
        "projection": "rigid",
        "element_type": "minecraft:single_pool_element"
      }
    },
    {
      "weight": 50,
      "element": {
        "location": "lios_outlandish_villages:misc/profession_blocks/fletching_table",
        "processors": "minecraft:empty",
        "projection": "rigid",
        "element_type": "minecraft:single_pool_element"
      }
    },
    {
      "weight": 50,
      "element": {
        "location": "lios_outlandish_villages:misc/profession_blocks/grindstone",
        "processors": "minecraft:empty",
        "projection": "rigid",
        "element_type": "minecraft:single_pool_element"
      }
    },
    {
      "weight": 50,
      "element": {
        "location": "lios_outlandish_villages:misc/profession_blocks/lecturn",
        "processors": "minecraft:empty",
        "projection": "rigid",
        "element_type": "minecraft:single_pool_element"
      }
    },
    {
      "weight": 50,
      "element": {
        "location": "lios_outlandish_villages:misc/profession_blocks/loom",
        "processors": "minecraft:empty",
        "projection": "rigid",
        "element_type": "minecraft:single_pool_element"
      }
    },
    {
      "weight": 50,
      "element": {
        "location": "lios_outlandish_villages:misc/profession_blocks/smoker",
        "processors": "minecraft:empty",
        "projection": "rigid",
        "element_type": "minecraft:single_pool_element"
      }
    },
    {
      "weight": 50,
      "element": {
        "location": "lios_outlandish_villages:misc/profession_blocks/stonecutter",
        "processors": "minecraft:empty",
        "projection": "rigid",
        "element_type": "minecraft:single_pool_element"
      }
    }
  ]
}