{
  "name": "lios_outlandish_villages:spiral_tower_village/base/-18",
  "fallback": "minecraft:empty",
  "elements": [
    {
      "weight": 50,
      "element": {
        "location": "lios_outlandish_villages:spiral_tower_village/base/a1b",
        "processors": "lios_outlandish_villages:replace_water_with_sand",
        "projection": "rigid",
        "element_type": "minecraft:single_pool_element"
      }
    },
    {
      "weight": 50,
      "element": {
        "location": "lios_outlandish_villages:spiral_tower_village/base/a2b",
        "processors": "lios_outlandish_villages:replace_water_with_sand",
        "projection": "rigid",
        "element_type": "minecraft:single_pool_element"
      }
    },
    {
      "weight": 50,
      "element": {
        "location": "lios_outlandish_villages:spiral_tower_village/base/a3b",
        "processors": "lios_outlandish_villages:replace_water_with_sand",
        "projection": "rigid",
        "element_type": "minecraft:single_pool_element"
      }
    },
    {
      "weight": 50,
      "element": {
        "location": "lios_outlandish_villages:spiral_tower_village/base/a4b",
        "processors": "lios_outlandish_villages:replace_water_with_sand",
        "projection": "rigid",
        "element_type": "minecraft:single_pool_element"
      }
    },
    {
      "weight": 20,
      "element": {
        "location": "lios_outlandish_villages:spiral_tower_village/base/a5b",
        "processors": "lios_outlandish_villages:replace_water_with_sand",
        "projection": "rigid",
        "element_type": "minecraft:single_pool_element"
      }
    },
    {
      "weight": 50,
      "element": {
        "location": "lios_outlandish_villages:spiral_tower_village/base/a6b",
        "processors": "lios_outlandish_villages:replace_water_with_sand",
        "projection": "rigid",
        "element_type": "minecraft:single_pool_element"
      }
    },
    {
      "weight": 50,
      "element": {
        "location": "lios_outlandish_villages:spiral_tower_village/base/a7b",
        "processors": "lios_outlandish_villages:replace_water_with_sand",
        "projection": "rigid",
        "element_type": "minecraft:single_pool_element"
      }
    },
    {
      "weight": 20,
      "element": {
        "location": "lios_outlandish_villages:spiral_tower_village/bridge/b1",
        "processors": "lios_outlandish_villages:replace_water_with_sand",
        "projection": "rigid",
        "element_type": "minecraft:single_pool_element"
      }
    }
  ]
}