{
  "name": "lios_outlandish_villages:spiral_tower_village/base/-18",
  "fallback": "minecraft:empty",
  "elements": [
    {
      "weight": 50,
      "element": {
        "location": "lios_outlandish_villages:spiral_tower_village/base/b1b",
        "processors": "lios_outlandish_villages:replace_water_with_sand",
        "projection": "rigid",
        "element_type": "minecraft:single_pool_element"
      }
    },
    {
      "weight": 50,
      "element": {
        "location": "lios_outlandish_villages:spiral_tower_village/base/b2b",
        "processors": "lios_outlandish_villages:replace_water_with_sand",
        "projection": "rigid",
        "element_type": "minecraft:single_pool_element"
      }
    },
    {
      "weight": 50,
      "element": {
        "location": "lios_outlandish_villages:spiral_tower_village/base/b3b",
        "processors": "lios_outlandish_villages:replace_water_with_sand",
        "projection": "rigid",
        "element_type": "minecraft:single_pool_element"
      }
    },
    {
      "weight": 50,
      "element": {
        "location": "lios_outlandish_villages:spiral_tower_village/base/b4b",
        "processors": "lios_outlandish_villages:replace_water_with_sand",
        "projection": "rigid",
        "element_type": "minecraft:single_pool_element"
      }
    },
    {
      "weight": 20,
      "element": {
        "location": "lios_outlandish_villages:spiral_tower_village/base/b5b",
        "processors": "lios_outlandish_villages:replace_water_with_sand",
        "projection": "rigid",
        "element_type": "minecraft:single_pool_element"
      }
    },
    {
      "weight": 50,
      "element": {
        "location": "lios_outlandish_villages:spiral_tower_village/base/b6b",
        "processors": "lios_outlandish_villages:replace_water_with_sand",
        "projection": "rigid",
        "element_type": "minecraft:single_pool_element"
      }
    },
    {
      "weight": 50,
      "element": {
        "location": "lios_outlandish_villages:spiral_tower_village/base/b7b",
        "processors": "lios_outlandish_villages:replace_water_with_sand",
        "projection": "rigid",
        "element_type": "minecraft:single_pool_element"
      }
    },
    {
      "weight": 20,
      "element": {
        "location": "lios_outlandish_villages:spiral_tower_village/bridge/a2",
        "processors": "lios_outlandish_villages:replace_water_with_sand",
        "projection": "rigid",
        "element_type": "minecraft:single_pool_element"
      }
    }
  ]
}