{
    "type": "minecraft:chest",
    "pools": [
        {
            "rolls": {
                "type": "minecraft:uniform",
                "min": 3,
                "max": 6
            },
            "entries": [
                {
                    "type": "minecraft:item",
                    "name": "minecraft:honey_bottle",
                    "weight": 10,
                    "functions": [
                        {
                            "function": "minecraft:set_count",
                            "count": {
                                "type": "minecraft:uniform",
                                "min": 1,
                                "max": 2
                            },
                            "add": false
                        }
                    ]
                },
                {
                    "type": "minecraft:item",
                    "name": "minecraft:honeycomb",
                    "weight": 12,
                    "functions": [
                        {
                            "function": "minecraft:set_count",
                            "count": {
                                "type": "minecraft:uniform",
                                "min": 2,
                                "max": 4
                            },
                            "add": false
                        }
                    ]
                },
                {
                    "type": "minecraft:item",
                    "name": "minecraft:beehive",
                    "weight": 8
                },
                {
                    "type": "minecraft:item",
                    "name": "minecraft:flower_pot",
                    "weight": 10
                },
                {
                    "type": "minecraft:item",
                    "name": "minecraft:oxeye_daisy",
                    "weight": 12
                },
                {
                    "type": "minecraft:item",
                    "name": "minecraft:sunflower",
                    "weight": 8
                },
                {
                    "type": "minecraft:item",
                    "name": "minecraft:allium",
                    "weight": 10
                },
                {
                    "type": "minecraft:item",
                    "name": "minecraft:dandelion",
                    "weight": 15
                },
                {
                    "type": "minecraft:item",
                    "name": "minecraft:oak_sapling",
                    "weight": 6
                },
                {
                    "type": "minecraft:item",
                    "name": "minecraft:shears",
                    "weight": 5,
                    "functions": [
                        {
                            "function": "minecraft:set_damage",
                            "damage": {
                                "type": "minecraft:uniform",
                                "min": 0.1,
                                "max": 0.3
                            }
                        }
                    ]
                },
                {
                    "type": "minecraft:item",
                    "name": "minecraft:campfire",
                    "weight": 8
                },
                {
                    "type": "minecraft:item",
                    "name": "minecraft:charcoal",
                    "weight": 10,
                    "functions": [
                        {
                            "function": "minecraft:set_count",
                            "count": {
                                "type": "minecraft:uniform",
                                "min": 1,
                                "max": 3
                            },
                            "add": false
                        }
                    ]
                }
            ]
        }
    ]
}