{
    "type": "minecraft:chest",
    "pools": [
        {
            "rolls": {
                "type": "minecraft:uniform",
                "min": 8,
                "max": 15
            },
            "entries": [
                {
                    "type": "minecraft:item",
                    "name": "minecraft:cod",
                    "weight": 10
                },
                {
                    "type": "minecraft:item",
                    "name": "minecraft:salmon",
                    "weight": 8
                },
                {
                    "type": "minecraft:item",
                    "name": "minecraft:tropical_fish",
                    "weight": 6
                },
                {
                    "type": "minecraft:item",
                    "name": "minecraft:pufferfish",
                    "weight": 5
                },
                {
                    "type": "minecraft:item",
                    "name": "minecraft:wheat",
                    "weight": 10
                },
                {
                    "type": "minecraft:item",
                    "name": "minecraft:glow_berries",
                    "weight": 7
                },
                {
                    "type": "minecraft:item",
                    "name": "minecraft:cookie",
                    "weight": 8
                },
                {
                    "type": "minecraft:item",
                    "name": "minecraft:potato",
                    "weight": 9
                },
                {
                    "type": "minecraft:item",
                    "name": "minecraft:sweet_berries",
                    "weight": 7
                },
                {
                    "type": "minecraft:item",
                    "name": "minecraft:suspicious_stew",
                    "weight": 5
                },
                {
                    "type": "minecraft:item",
                    "name": "minecraft:milk_bucket",
                    "weight": 6
                },
                {
                    "type": "minecraft:item",
                    "name": "minecraft:honey_bottle",
                    "weight": 7
                },
                {
                    "type": "minecraft:item",
                    "name": "minecraft:dried_kelp",
                    "weight": 8
                },
                {
                    "type": "minecraft:item",
                    "name": "minecraft:beetroot",
                    "weight": 9
                },
                {
                    "type": "minecraft:item",
                    "name": "minecraft:chorus_fruit",
                    "weight": 4
                }
            ]
        }
    ]
}